token,count
new,43
day,26
feeling,26
dreams,25
night,24
laughter,24
joy,24
heart,24
life,22
world,21
art,21
beauty,20
journey,20
every,19
sky,19
lost,18
symphony,18
dance,18
exploring,17
time,17
garden,17
challenges,17
emotions,17
soul,17
concert,16
echoes,16
whispers,16
friends,15
personal,15
project,15
sense,15
love,15
life's,15
nature,14
excitement,14
despair,14
moments,14
creativity,14
shattered,14
challenging,13
surprise,13
moment,13
old,13
tears,13
embracing,13
gratitude,13
serenity,13
air,13
tales,13
school,13
family,12
finding,12
memories,12
hopeful,12
thoughts,12
nostalgia,12
creating,12
ancient,12
book,11
music,11
adventure,11
community,11
curiosity,11
inspiration,11
upcoming,10
attending,10
quiet,10
evening,10
sunset,10
show,10
city,10
contentment,10
silent,10
labyrinth,10
dancing,10
solitude,10
weekend,9
reflecting,9
past,9
friend,9
learning,9
painting,9
cup,9
local,9
experiencing,9
awe,9
acceptance,9
kindness,9
warmth,9
loneliness,9
frustration,9
hope,9
companion,9
embarking,9
colors,9
spirit,9
club,9
movie,8
winter,8
enthusiasm,8
happiness,8
confusion,8
mind,8
team,8
serene,8
event,8
grief,8
success,8
connection,8
within,8
knowledge,8
wandering,8
leaving,8
vibrant,8
cherished,8
spent,8
level,8
trying,7
vibes,7
loved,7
tomorrow,7
achievement,7
midst,7
clouds,7
completing,7
elation,7
peace,7
compassion,7
found,7
pages,7
possibilities,7
towards,7
melody,7
embrace,7
path,7
away,7
storm,7
determination,7
tranquil,7
waves,7
threads,7
emotional,7
shadows,7
glow,7
optimism,7
empathy,7
rain,7
filled,7
savoring,7
series,7
story,7
class,7
attended,7
joined,7
enjoying,6
hidden,6
good,6
celebrating,6
milestone,6
work,6
trip,6
birthday,6
overflowing,6
bitter,6
decisions,6
pride,6
charity,6
victory,6
euphoria,6
inner,6
brighter,6
making,6
sea,6
shared,6
overwhelmed,6
jealousy,6
resentment,6
constant,6
indifference,6
fueled,6
leaves,6
numbness,6
shield,6
caught,6
ambivalence,6
self,6
landscape,6
navigating,6
hues,6
canvas,6
turn,6
golden,6
accomplishment,6
soaring,6
seeds,6
masterpiece,6
step,6
betrayal,6
trust,6
broken,6
disappointment,6
rhythm,6
ruins,6
grandeur,6
years,6
successfully,6
thrill,6
friendship,6
note,6
timeless,6
science,6
capturing,6
started,6
age,6
bad,6
workout,5
fitness,5
live,5
ahead,5
road,5
explore,5
watching,5
inspired,5
trails,5
state,5
breathtaking,5
building,5
achieving,5
standing,5
heartfelt,5
amidst,5
chaos,5
party,5
reunion,5
stars,5
times,5
discovering,5
celebration,5
home,5
around,5
one,5
historical,5
joys,5
skill,5
festival,5
puzzle,5
others',5
drowning,5
lingers,5
bittersweet,5
uncertainty,5
tapestry,5
immersed,5
casting,5
photo,5
moonlit,5
mysteries,5
river,5
eyes,5
blooms,5
free,5
anticipation,5
conquering,5
carnival,5
sorrow,5
ballroom,5
wind,5
promises,5
bitterness,5
never,5
fall,5
heartache,5
floor,5
glass,5
echo,5
performance,5
simple,5
experiences,5
skills,5
resonates,5
flavors,5
novel,5
stone,5
unfolds,5
nature's,5
create,5
magic,5
viewer,5
championship,5
fans,5
record,5
unexpected,5
enthusiast,5
group,5
photography,5
accidentally,5
online,5
beautiful,4
morning,4
recipe,4
